{
    "10/4/2016": {
        "hd": 0.5147058823529411,
        "surprise": -0.12
    },
    "12/7/2016": {
        "hd": 1.1451612903225807,
        "surprise": 0.26
    },
    "2/8/2017": {
        "hd": 0.8764044943820225,
        "surprise": 0.13
    },
    "4/6/2017": {
        "hd": 0.9868421052631579,
        "surprise": 0.02
    },
    "6/7/2017": {
        "hd": 0.7037037037037037,
        "surprise": 0.02
    },
    "8/2/2017": {
        "hd": 0.4031007751937985,
        "surprise": -0.06
    },
    "10/4/2017": {
        "hd": 1.4052044609665426,
        "surprise": 0.03
    },
    "12/6/2017": {
        "hd": 1.0471204188481675,
        "surprise": -0.01
    },
    "2/7/2018": {
        "hd": 1.5969387755102042,
        "surprise": -0.03
    },
    "4/5/2018": {
        "hd": 1.1467391304347827,
        "surprise": -0.015
    },
    "6/6/2018": {
        "hd": 1.5328947368421053,
        "surprise": 0.045
    },
    "8/1/2018": {
        "hd": 1.2798053527980535,
        "surprise": 0.09
    },
    "10/5/2018": {
        "hd": 1.2692307692307692,
        "surprise": -0.285
    },
    "12/5/2018": {
        "hd": 0.9794520547945206,
        "surprise": 0.0
    },
    "2/7/2019": {
        "hd": 0.25806451612903225,
        "surprise": -0.15
    },
    "4/4/2019": {
        "hd": 1.0,
        "surprise": 0.02
    },
    "6/6/2019": {
        "hd": 0.0,
        "surprise": -0.02
    },
    "8/7/2019": {
        "hd": 0.7058823529411764,
        "surprise": -0.04
    },
    "10/4/2019": {
        "hd": 2.0,
        "surprise": 0.02
    },
    "12/5/2019": {
        "hd": 1.5483870967741935,
        "surprise": 0.23
    },
    "2/6/2020": {
        "hd": 1.5897435897435899,
        "surprise": 0.0
    },
    "3/27/2020": {
        "hd": 0.0,
        "surprise": -0.42
    },
    "5/22/2020": {
        "hd": 0.5333333333333333,
        "surprise": -0.15
    }
}